VALUES (2, '2016-08-21 23:35:20.221000', 'Yay!', 3, 4);
INSERT INTO public.comments (id, publish_date, content, news_id, user_id)
VALUES (1, '2016-08-21 12:06:54.622000', 'Wow! cool!', 3, 1);
INSERT INTO public.comments (id, publish_date, content, news_id, user_id)
VALUES (4, '2016-09-07 23:52:40.895000', 'Nice', 2, 2);
INSERT INTO public.comments (id, publish_date, content, news_id, user_id)
VALUES (5, '2016-08-09 23:52:58.957000', 'Great!', 4, 5);
INSERT INTO public.comments (id, publish_date, content, news_id, user_id)
VALUES (6, '2016-09-07 23:58:37.439000', 'nibh lacus, eu laoreet ', 4, 2);
INSERT INTO public.comments (id, publish_date, content, news_id, user_id)
VALUES (7, '2016-09-07 23:59:02.751000', 'efficitur aliquet ligula.', 2, 1);
INSERT INTO public.comments (id, publish_date, content, news_id, user_id)
VALUES (8, '2016-09-07 23:59:22.005000',
        'auctor pulvinar purus. Ut in turpis nisl. Ut massa felis, luctus nec velit at, ultricies congue erat. Phasellus dapibus orci sodales volutpat fringilla',
        1, 3);
INSERT INTO public.comments (id, publish_date, content, news_id, user_id)
VALUES (3, '2016-08-08 23:52:13.608000', 'Super!', 1, 2);

INSERT INTO public.news (id, content, pub_date, title) VALUES (3, 'Lorem ipsum dolor sit amet, consectetur adipiscing elit. Pellentesque efficitur viverra quam, eget vehicula ipsum efficitur at. Phasellus aliquam pretium justo eu blandit. Nulla vel ipsum leo. Suspendisse ullamcorper non purus quis blandit. Nam at mauris nec neque varius maximus a non lorem. Nunc eleifend tortor quis lobortis condimentum. Nunc tempus mi sed laoreet condimentum. Maecenas in auctor dui. Cras ultricies eros felis, nec aliquet nisi accumsan eu.

Pellentesque enim nisi, dictum sit amet quam vel, efficitur aliquet ligula. Donec suscipit blandit libero, quis efficitur urna eleifend vel. Donec vitae urna sed metus consequat convallis id nec enim. Lorem ipsum dolor sit amet, consectetur adipiscing elit. Integer condimentum leo at augue condimentum euismod quis non libero. Etiam eu diam id ex hendrerit luctus vel quis dui. Praesent id diam et augue fermentum tempus. Mauris tristique nibh lacus, eu laoreet ex accumsan sed. Nullam rutrum nibh dui, dapibus cursus nisi maximus sit amet. Integer lacinia ut quam non luctus. Pellentesque habitant morbi tristique senectus et netus et malesuada fames ac turpis egestas. Ut vulputate nec nisi ut hendrerit. Morbi efficitur, mauris vitae tristique auctor, lectus augue eleifend leo, sed rhoncus neque libero sed ligula. Vestibulum rutrum metus tellus, non dictum risus sodales non.

Praesent ante dolor, pretium at augue eu, fringilla efficitur tortor. Sed volutpat luctus nibh at efficitur. Suspendisse tempus libero nec hendrerit tincidunt. Vivamus et tortor sed magna rhoncus lobortis. Proin venenatis diam tellus, sit amet consectetur eros rhoncus at. Curabitur sed est mollis, sollicitudin diam id, laoreet libero. Phasellus eu euismod turpis, nec consequat risus. Vestibulum urna mi, volutpat vel neque molestie, auctor pulvinar purus. Ut in turpis nisl. Ut massa felis, luctus nec velit at, ultricies congue erat. Phasellus dapibus orci sodales volutpat fringilla. Maecenas posuere lectus ut massa dapibus, ac mollis odio pharetra. Sed eu ante at mauris egestas vulputate in eget ipsum. Vestibulum lacinia est vitae dui vehicula egestas. Sed sagittis lorem a dapibus dapibus.

Suspendisse potenti. Fusce in risus sed felis sodales commodo. Vivamus blandit aliquet mattis. Curabitur fringilla dictum velit, vel vestibulum erat placerat ac. Proin eleifend interdum purus ut aliquam. Vestibulum sed faucibus nulla, pharetra commodo arcu. In egestas nunc eros, sit amet fringilla orci ultricies at. Curabitur pulvinar aliquam lorem ut suscipit. Praesent volutpat dui suscipit lectus lobortis lacinia ac non massa.',
                                                               '2016-08-04', 'New Smith''s guitar schools opens today');
INSERT INTO public.news (id, content, pub_date, title) VALUES (1, 'Lorem ipsum dolor sit amet, consectetur adipiscing elit. Pellentesque efficitur viverra quam, eget vehicula ipsum efficitur at. Phasellus aliquam pretium justo eu blandit. Nulla vel ipsum leo. Suspendisse ullamcorper non purus quis blandit. Nam at mauris nec neque varius maximus a non lorem. Nunc eleifend tortor quis lobortis condimentum. Nunc tempus mi sed laoreet condimentum. Maecenas in auctor dui. Cras ultricies eros felis, nec aliquet nisi accumsan eu.

Pellentesque enim nisi, dictum sit amet quam vel, efficitur aliquet ligula. Donec suscipit blandit libero, quis efficitur urna eleifend vel. Donec vitae urna sed metus consequat convallis id nec enim. Lorem ipsum dolor sit amet, consectetur adipiscing elit. Integer condimentum leo at augue condimentum euismod quis non libero. Etiam eu diam id ex hendrerit luctus vel quis dui. Praesent id diam et augue fermentum tempus. Mauris tristique nibh lacus, eu laoreet ex accumsan sed. Nullam rutrum nibh dui, dapibus cursus nisi maximus sit amet. Integer lacinia ut quam non luctus. Pellentesque habitant morbi tristique senectus et netus et malesuada fames ac turpis egestas. Ut vulputate nec nisi ut hendrerit. Morbi efficitur, mauris vitae tristique auctor, lectus augue eleifend leo, sed rhoncus neque libero sed ligula. Vestibulum rutrum metus tellus, non dictum risus sodales non.

Praesent ante dolor, pretium at augue eu, fringilla efficitur tortor. Sed volutpat luctus nibh at efficitur. Suspendisse tempus libero nec hendrerit tincidunt. Vivamus et tortor sed magna rhoncus lobortis. Proin venenatis diam tellus, sit amet consectetur eros rhoncus at. Curabitur sed est mollis, sollicitudin diam id, laoreet libero. Phasellus eu euismod turpis, nec consequat risus. Vestibulum urna mi, volutpat vel neque molestie, auctor pulvinar purus. Ut in turpis nisl. Ut massa felis, luctus nec velit at, ultricies congue erat. Phasellus dapibus orci sodales volutpat fringilla. Maecenas posuere lectus ut massa dapibus, ac mollis odio pharetra. Sed eu ante at mauris egestas vulputate in eget ipsum. Vestibulum lacinia est vitae dui vehicula egestas. Sed sagittis lorem a dapibus dapibus.

Suspendisse potenti. Fusce in risus sed felis sodales commodo. Vivamus blandit aliquet mattis. Curabitur fringilla dictum velit, vel vestibulum erat placerat ac. Proin eleifend interdum purus ut aliquam. Vestibulum sed faucibus nulla, pharetra commodo arcu. In egestas nunc eros, sit amet fringilla orci ultricies at. Curabitur pulvinar aliquam lorem ut suscipit. Praesent volutpat dui suscipit lectus lobortis lacinia ac non massa.',
                                                               '2016-09-06',
                                                               'Pellentesque vel magna vitae lacus cursus egestas accumsan at ');
INSERT INTO public.news (id, content, pub_date, title) VALUES (2, 'maximus sit amet. Integer lacinia ut quam non luctus. Pellentesque habitant morbi tristique senectus et netus et malesuada fames ac turpis egestas. Ut vulputate nec nisi ut hendrerit. Morbi efficitur, mauris vitae tristique auctor, lectus augue eleifend leo, sed rhoncus neque libero sed ligula. Vestibulum rutrum metus tellus, non dictum risus sodales non.

Praesent ante dolor, pretium at augue eu, fringilla efficitur tortor. Sed volutpat luctus nibh at efficitur. Suspendisse tempus libero nec hendrerit tincidunt. Vivamus et tortor sed magna rhoncus lobortis. Proin venenatis diam tellus, sit amet consectetur eros rhoncus at. Curabitur sed est mollis, sollicitudin diam id, laoreet libero. Phasellus eu euismod turpis, nec consequat risus. Vestibulum urna mi, volutpat vel neque molestie, auctor pulvinar purus. Ut in turpis nisl. Ut massa felis, luctus nec velit at, ultricies congue erat. Phasellus dapibus orci sodales volutpat fringilla. Maecenas posuere lectus ut massa dapibus, ac mollis odio pharetra. Sed eu ante at mauris egestas vulputate in eget ipsum. Vestibulum lacinia est vitae dui vehicula egestas. Sed sagittis lorem a dapibus dapibus.

Suspendisse potenti. Fusce in risus sed felis sodales commodo. Vivamus blandit aliquet mattis. Curabitur fringilla dictum velit, vel vestibulum erat placerat ac. Proin eleifend interdum purus ut aliquam. Vestibulum sed faucibus nulla, pharetra commodo arcu. In egestas nunc eros, sit amet fringilla orci ultricies at. Curabitur pulvinar aliquam lorem ut suscipit. Praesent volutpat dui suscipit lectus lobortis lacinia ac non massa.

Pellentesque vel magna vitae lacus cursus egestas accumsan at diam. Duis metus tortor, mattis at fermentum non, tristique sit amet leo. Nulla lectus turpis, tempus eget dolor sit amet, fermentum rhoncus neque. Nulla ma',
                                                               '2016-09-08',
                                                               'Nulla vel ipsum leo. Suspendisse ullamcorper non purus quis blandit.');
INSERT INTO public.news (id, content, pub_date, title) VALUES (4, 'Suspendisse potenti. Fusce in risus sed felis sodales commodo. Vivamus blandit aliquet mattis. Curabitur fringilla dictum velit, vel vestibulum erat placerat ac. Proin eleifend interdum purus ut aliquam. Vestibulum sed faucibus nulla, pharetra commodo arcu. In egestas nunc eros, sit amet fringilla orci ultricies at. Curabitur pulvinar aliquam lorem ut suscipit. Praesent volutpat dui suscipit lectus lobortis lacinia ac non massa.

Pellentesque vel magna vitae lacus cursus egestas accumsan at diam. Duis metus tortor, mattis at fermentum non, tristique sit amet leo. Nulla lectus turpis, tempus eget dolor sit amet, fermentum rhoncus neque. Nulla massa mauris, feugiat in sapien id, eleifend suscipit libero. Interdum et malesuada fames ac ante ipsum primis in faucibus. Sed malesuada neque sit amet tellus bibendum euismod. Sed in augue ante. Sed nec vehicula ante. Morbi nisl lacus, condimentum vitae ante at, rhoncus aliquet quam. Morbi aliquam ornare nisi, a sagittis est pellentesque eget. Aenean luctus in lorem in maximus. Nullam maximus, velit sed consectetur porttitor, nisi nunc finibus felis, vitae blandit est diam in quam. Sed porttitor enim a orci aliquet rutrum. Nunc vel vestibulum mauris. Cras hendrerit, mauris eget molestie rutrum, tortor lectus dapibus nisl, in bibendum mauris orci a ante. In molestie eleifend dui in pellentesque.',
                                                               '2016-09-08',
                                                               'Morbi efficitur, mauris vitae tristique auctor, lectus augue');


INSERT INTO public.workers (id, first_name, info, jobtitle, last_name) VALUES (2, 'Hamilton',
                                                                               'Suspendisse potenti. Fusce in risus sed felis sodales commodo. Vivamus blandit aliquet mattis. Curabitur fringilla dictum velit, vel vestibulum erat placerat ac. Proin eleifend interdum purus ut aliquam. Vestibulum',
                                                                               'Piano Master', 'Travis');
INSERT INTO public.workers (id, first_name, info, jobtitle, last_name) VALUES (5, 'Buddy',
                                                                               'Pellentesque enim nisi, dictum sit amet quam vel, efficitur aliquet ligula. Donec suscipit blandit libero, quis efficitur urna eleifend vel. Donec',
                                                                               'Accordion master', 'Daley');
INSERT INTO public.workers (id, first_name, info, jobtitle, last_name) VALUES (6, 'Randolf',
                                                                               'Donec suscipit blandit libero, quis efficitur urna eleifend vel. Donec vitae urna sed metus consequat convallis id nec enim. Lorem ipsum',
                                                                               'Guitar Master', 'Osmond');
INSERT INTO public.workers (id, first_name, info, jobtitle, last_name) VALUES (1, 'Carlton',
                                                                               'Maecenas posuere lectus ut massa dapibus, ac mollis odio pharetra. Sed eu ante at mauris egestas vulputate in eget ipsum. Vestibulum ',
                                                                               'Drums Master', 'Reynold');
INSERT INTO public.workers (id, first_name, info, jobtitle, last_name) VALUES (4, 'Stirling', 'Morbi efficitur, mauris vitae tristique auctor, lectus augue eleifend leo, sed rhoncus neque libero sed ligula. Vestibulum rutrum metus tellus, non dictum risus sodales non.

', 'Violin master', 'Ramsey');

INSERT INTO public.schools (id, cost, info, name, worker_id, enable) VALUES (8, 750,
                                                                             'Pellentesque habitant morbi tristique senectus et netus et malesuada fames ac turpis egestas. Ut vulputate nec nisi ut hendrerit.',
                                                                             'Drums school', 1, TRUE);
INSERT INTO public.schools (id, cost, info, name, worker_id, enable) VALUES (22, 900,
                                                                             'Pellentesque habitant morbi tristique senectus et netus et malesuada fames ac turpis egestas. Ut vulputate nec nisi ut hendrerit.',
                                                                             'Piano school', 2, TRUE);
INSERT INTO public.schools (id, cost, info, name, worker_id, enable) VALUES (2, 950,
                                                                             'Pellentesque habitant morbi tristique senectus et netus et malesuada fames ac turpis egestas. Ut vulputate nec nisi ut hendrerit.',
                                                                             'Violin school', 4, TRUE);
INSERT INTO public.schools (id, cost, info, name, worker_id, enable) VALUES (1, 800,
                                                                             'Pellentesque habitant morbi tristique senectus et netus et malesuada fames ac turpis egestas. Ut vulputate nec nisi ut hendrerit.',
                                                                             'Accordion school', 5, TRUE);
INSERT INTO public.schools (id, cost, info, name, worker_id, enable) VALUES (21, 700,
                                                                             'Pellentesque habitant morbi tristique senectus et netus et malesuada fames ac turpis egestas. Ut vulputate nec nisi ut hendrerit.',
                                                                             'Guitar school', 6, TRUE);

INSERT INTO public.users (user_id, phone, password, profile_image, info, login, first_name, user_role, last_name) VALUES
  (1, 12345, '12345', 'profile.jpg',
   'Morbi efficitur, mauris vitae tristique auctor, lectus augue eleifend leo, sed rhoncus neque libero sed ligula. Vestibulum rutrum metus tellus, non dictum risus sodales non.',
   'Artyom', 'Artyom', 'ROLE_USER', 'Gunkin');
INSERT INTO public.users (user_id, phone, password, profile_image, info, login, first_name, user_role, last_name) VALUES
  (4, 12345, '12345', 'profile.jpg',
   'Morbi efficitur, mauris vitae tristique auctor, lectus augue eleifend leo, sed rhoncus neque libero sed ligula. Vestibulum rutrum metus tellus, non dictum risus sodales non.',
   'Clinton', 'Clinton', 'ROLE_USER', 'Sinjin');
INSERT INTO public.users (user_id, phone, password, profile_image, info, login, first_name, user_role, last_name) VALUES
  (5, 12345, '12345', 'profile.jpg',
   'Morbi efficitur, mauris vitae tristique auctor, lectus augue eleifend leo, sed rhoncus neque libero sed ligula. Vestibulum rutrum metus tellus, non dictum risus sodales non.',
   'jjohn', 'Orson', 'ROLE_USER', 'Beauregard');
INSERT INTO public.users (user_id, phone, password, profile_image, info, login, first_name, user_role, last_name) VALUES
  (3, 7777, '12345', 'profile.jpg',
   'Morbi efficitur, mauris vitae tristique auctor, lectus augue eleifend leo, sed rhoncus neque libero sed ligula. Vestibulum rutrum metus tellus, non dictum risus sodales non.',
   'Kenyon', 'Kenyon', 'ROLE_USER', 'Norris');
INSERT INTO public.users (user_id, phone, password, profile_image, info, login, first_name, user_role, last_name) VALUES
  (2, 12346, '12345', 'profile.jpg',
   'Morbi efficitur, mauris vitae tristique auctor, lectus augue eleifend leo, sed rhoncus neque libero sed ligula. Vestibulum rutrum metus tellus, non dictum risus sodales non.',
   'Cooper', 'Cooper', 'ROLE_USER', 'Harlow');
INSERT INTO public.users (user_id, phone, password, profile_image, info, login, first_name, user_role, last_name) VALUES
  (6, 4564, '12345', 'profile.jpg',
   'Morbi efficitur, mauris vitae tristique auctor, lectus augue eleifend leo, sed rhoncus neque libero sed ligula. Vestibulum rutrum metus tellus, non dictum risus sodales non.',
   'Darren', 'Darren', 'ROLE_USER', 'Willard');

INSERT INTO public.user_school (school_id, user_id) VALUES (8, 1);
INSERT INTO public.user_school (school_id, user_id) VALUES (22, 1);
INSERT INTO public.user_school (school_id, user_id) VALUES (21, 1);
INSERT INTO public.user_school (school_id, user_id) VALUES (1, 2);
INSERT INTO public.user_school (school_id, user_id) VALUES (1, 3);
INSERT INTO public.user_school (school_id, user_id) VALUES (1, 5);
INSERT INTO public.user_school (school_id, user_id) VALUES (2, 3);
INSERT INTO public.user_school (school_id, user_id) VALUES (2, 1);
INSERT INTO public.user_school (school_id, user_id) VALUES (22, 3);
INSERT INTO public.user_school (school_id, user_id) VALUES (21, 4);